{"ROUGH (RG-BK-MG) 9~20": [0.12903225806451613, -175.80645161290323], "ROUGH (RG-3R) 3~6": [-0.8549699891317323, 1085.138070149704], "ROUGH (BALU) 1~3": [0.014496364627249833, -3.8115370213833186], "ROUGH 20+": [0.01348898815305061, 2.17649467560948], "ROUGH 20 BELOW": [0.01348898815305061, 2.17649467560948], "ROUGH 15~30": [0.008615529408281782, 26.17646956083256], "ROUGH 9~15": [0.009726910707342941, 9.386986480824833], "ROUGH 6~9 ": [0.0, 90.0], "ROUGH 6~9": [0.010499766702741732, 1.8307148255668697], "ROUGH 3~6": [0.007739182267178915, 14.37838473303448], "ROUGH 1~3": [0.007739182267178915, 14.37838473303448], "RG-RM 20+": [0.00656687458742609, 8.73775631588143], "RG-RM 15+": [0.014786411515346662, -0.544550305158727], "RG-RM 9~20": [0.014786411515346662, -0.544550305158727], "RG-RM 9~15": [0.014126354355825944, -0.5727471622228737], "RG-RM 5~9": [0.00162648015820507, 14.588723019327253], "RG-RM 3~5": [0.007977611492687166, 6.215861948494486], "RG-PK 5~9": [0.006722071377081676, 7.203008554949431], "RG-NY 9~15": [0.7142857142856679, -878.8571428570847], "RG-NY 6~9": [0.015614075002696905, -1.9633641495389333], "RG-GC 9~20": [0.015614075002696905, -1.9633641495389333], "RG-GC 5~9": [0.015614075002696905, -1.9633641495389333], "RG-GC 3~5": [0.015614075002696905, -1.9633641495389333], "RG-FP-TU 15+": [-0.009108004242643925, 26.334739857952197], "RG-FP 15+": [0.046869708194575053, -44.726401773798536], "RG-FP 3~6": [0.046869708194575053, -44.726401773798536], "RG-FP 1~3": [0.09833003307415769, -112.71018417299898], "RG-FP 0.5~1": [0.009652462761097137, 2.844015824828411], "RG-BL-1 15+": [-0.16073683990573406, 243.3094337452819], "RG-BL-1 9~15": [-0.16073683990573406, 243.3094337452819], "RG-BL-1 6~9": [-0.3037094225250846, 474.17219294532947], "RG-BL-1 3~6": [0.00452831087774264, 9.82347565460055], "RG-BL-1 1~3": [0.009472981688322878, 2.5788423022473927], "RG-BL 1~3": [0.009472981688322878, 2.5788423022473927], "RG-BK-MG 15~30": [0.008920606601248887, 4.578055307760925], "RG-BK-MG 9~20": [-0.09788255606167287, 166.28334946327578], "RG-BK-MG 9~15": [-0.09788255606167287, 166.28334946327578], "RG-BK-MG 6~9": [-0.5882352941176706, 902.1764705882706], "RG-BK-MG 3~6": [-0.1375094231940432, 112.968965482358], "RG-3R 1~3": [0.273270267179314, -326.9595238319621], "RG 5~9": [0.010542066867428505, 2.870705750449819], "RG3(R) 3~6": [0.04267429239043401, -46.77625612480142], "RG3(R) 0.5~1": [3.5713883998351235, -4451.092629263214], "RG3 M*": [0.025723038716824236, -10.76149952873653], "RG3 20+": [-0.0, 17.0], "RG3 20 BELOW": [0.00904275206111144, 4.970862297717329], "RG3 15~20": [0.0006772675536582692, 12.981506065066219], "RG3 9~15": [0.011495493566802805, 0.7912989054744258], "RG3 6~9": [0.011470351174503882, 0.7721501709003018], "RG3 3~6": [0.011470351174503882, 0.7721501709003018], "RG3 3~5": [0.011470351174503882, 0.7721501709003018], "RG3 1~3": [0.011470351174503882, 0.7721501709003018], "RG3 0.5~1": [0.010054474616429497, 1.9218935123378207], "RG2 20+": [0.008800740041957283, 5.565301246246809], "RG2 9~15": [-0.19519063867075048, 221.05108586457578], "RG2 6~9": [0.005508256610000529, 7.446292274419837], "RG2 1~3": [0.005508256610000529, 7.446292274419837], "RG1 M*": [0.005508256610000529, 7.446292274419837], "RG1 9~15": [0.005508256610000529, 7.446292274419837], "RG1 6~9": [0.01002084501837051, 2.638922351698704], "RG1 3~6": [0.008146627100346922, 4.781974192713752], "RC-BK-MG 9~15": [0.01989060169070113, -10.843858776727973], "RC-BK-MG 6~9": [0.005390310921605102, 9.878232857591126], "RC-BK-MG 5~9": [0.012327316252497188, -0.3579493295849531], "RC-BK-MG 3~6": [0.012327316252497188, -0.3579493295849531], "RAD 6*4": [0.004327366070877926, 6.298772771589598], "RAD 5*3": [0.014903129657228013, -2.9582712369597584], "PS  16*12": [0.009463286443587592, 1.8007773063739023], "PS 20*15": [0.009381501997275199, 2.440555581375883], "PS 18*13": [0.008043637702812486, 3.4314004135106586], "PS 16*12": [0.0007119750748453437, 13.992510489200766], "PS 15*10": [0.009724431067912216, 1.478588385709154], "PS 14*9": [0.00901143361575651, 2.1329507239498144], "PS 12*8": [0.004397743844156485, 8.344019259435132], "PS 10*7": [0.0055494607801060795, 6.03277389529904], "PS 9*6": [0.0055494607801060795, 6.03277389529904], "PS 8*5": [0.000759654020426218, 14.00861006766998], "PS 7*5": [-0.0025851659635309464, 12.949368212464433], "PF-TR M*": [0.008745203596127547, 3.8355628741335384], "PF-TR 8~10": [0.18128164319628357, -169.93847293714356], "PF-PS M*": [0.18128164319628357, -169.93847293714356], "PF-PS 10*7~14*9": [-2.692297632732641, 3043.065602702361], "PF-PS 10*7 ~15*10": [0.0, 12.0], "PF-OV M*": [0.012674271229404295, -1.8010139416983328], "PF-OV 10*8~16*12": [0.012674271229404295, -1.8010139416983328], "PF-OT M*": [0.012674271229404295, -1.8010139416983328], "PF-MX M*": [-0.0, 17.0], "PF-MIX-CUT-MG 3~5": [0.015409968673459245, -5.118437468729996], "PF-MG-GU 12*6": [0.015409968673459245, -5.118437468729996], "PF-MG-DR M*": [0.028389990211420905, -20.7636283759092], "PF-DR-MG M*": [0.008136489929452593, 4.124776022850414], "PF-DR M*": [0.007579847257429706, 4.437207398390714], "PF-011 M*": [0.007579847257429706, 4.437207398390714], "PF M* ~8": [0.014632665355829995, -3.410172941908475], "PF M* ~7": [0.014632665355829995, -3.410172941908475], "PF M* ~4": [0.0084391067836451, 2.82518360641372], "PF M*": [-0.00021868274150017424, 11.592939031187154], "OV 20*15": [0.005226991502450248, 7.351915703879079], "OV 18*13": [0.0022440020863498953, 11.395239041527882], "OV 16*12": [0.0004798954117718663, 12.22097026624438], "OV 14*12": [0.005150620232754804, 7.349195663222309], "OV 14*10": [0.002123876702504876, 11.660993451147183], "OV 12*10": [0.001850595570394269, 9.980232557830318], "OV 11*9": [0.001850595570394269, 9.980232557830318], "OV 10*8": [0.004602824688466193, 7.807500000475264], "OV 9*7": [0.006811257135702838, 5.087344511009798], "OV 8*6": [0.007156574886171276, 4.546725310808245], "OV 7*5": [0.005423914288813068, 7.419765352335831], "OV 6*4": [0.009388014809191594, 1.326174142016482], "OV 5*3": [0.005930395999519309, 6.044005854407273], "OT 20*15": [0.004261220014302617, 9.660833362745965], "OT 18*13": [0.010100952471092049, 1.6051041088250946], "OT 16*12": [0.008758339406947518, 2.9609668805343268], "OT 14*10": [0.008758339406947518, 2.9609668805343268], "OT 12*10": [0.008338912298230366, 3.5474083406726025], "OT 11*9": [0.007996663007604035, 4.302762015721925], "OT 10*8": [0.010663227892938892, 1.0322476805528187], "OT 9*7": [0.0006710435038076889, 12.018163858496147], "OT 8*6": [0.01011136338053791, 1.232238988251522], "OT 7*5": [0.010968924464168488, -0.2479379817017411], "OT 6*4": [0.001854350293616267, 9.078036251234396], "OT 5*3": [0.009493000803148847, 2.0655819537743336], "MX M*": [-0.002552374306862198, 19.57992238984867], "MQ 16*8": [-0.002552374306862198, 19.57992238984867], "MQ 10*5": [0.009236143435009558, 2.094635472868078], "MQ 8*4": [0.010582010582010581, 0.412698412698413], "MQ 6*3": [0.009146341463414637, 2.6545731707317053], "FP-PF-CUT M*": [0.011682242990654203, -0.06191588785046598], "CUT-UF M*": [-0.0, 17.0], "BE-MG M*": [0.01402524544179523, -2.0350631136044868], "AK-PF 15~20": [0.01402524544179523, -2.0350631136044868]}