{"RG M*": [0.009027774229988218, 4.305253809879051], "RG 25~50": [-0.0, 15.0], "RG 25~35": [0.01556420233463035, 0.12918287937743145], "RG 25~30": [0.011597084161696485, 2.6966534128561985], "RG 20~25": [0.013183915622940011, 1.0210942649967052], "RG 18~20": [0.10309278350515537, -78.38144329896971], "RG 15~50": [-0.17241379310344626, 149.3103448275846], "RG 15~25": [0.012087555002873115, 2.1767245564801145], "RG 15~20": [0.004978492604465274, 6.961506518696499], "RG 15+": [0.0, 11.0], "RG 14~16": [0.0045065344749887345, 8.461469130238845], "RG 12~15": [-0.0, 12.0], "RG 9~15": [0.012142374264597819, 1.6888467108997922], "RG 9*15": [0.018939393939393957, -5.513257575757592], "RG 6~7": [0.011167271543673946, 2.4434212553086687], "RG 5~9": [0.01180409546420261, 2.103823564852278], "RG 5~7": [0.014035433352327415, 0.6942655547332669], "RG 5~6": [-0.020251699252805205, 23.443222611708247], "RG 4~5": [0.0129091014316908, 0.31518685613452346], "RG 3~5": [0.009192119386820316, 4.077467365596081], "RG 3~4": [0.013195364113992676, 0.5483458677178407], "RG 2~3": [0.00732552577631919, 5.705872074599806], "RG 1~2": [-10.000000000009095, 11421.000000010374], "PS 15*10": [0.039267015706806296, -20.469895287958124], "PS 14*10": [0.009408757841978399, 1.8705078914904392], "PS 14*9": [0.007466865783087548, 3.942691805114804], "PS 12*8": [0.012905695393882022, -2.28358527806888], "PS 10*7": [0.016013816456448688, -1.0719891900103973], "PS 9*6": [0.0, 9.0], "PS 7~5": [0.0, 11.0], "PS 7*5": [1.114916232473527e-08, 10.999988848364506], "PS 6~4": [-1.1620323155005988e-08, 11.000011618812566], "PS 6*4": [0.009939944962382792, 1.3411066757495307], "PS 5*3": [0.0, 8.0], "PS 4*3": [0.00884955752212389, 2.660176991150445], "PF-PS M*": [0.011648223645894006, 0.9819452533488615], "PF-PS FREE": [0.01372175635515488, 0.3134961536158178], "PF-PS 80CTSUP": [-0.0, 12.0], "PF-PS 80+": [null, null], "PF-PS 14*10": [0.01242113920991983, 0.39145350971438597], "PF-PS 12*8": [0.0116931324096245, 0.7172248069757596], "PF-PS 8*6": [0.007806366856032415, 2.687242524270615], "PF-OV M*": [null, null], "PF-OV FREE": [0.014858841010401193, -0.1901931649331381], "PF-OV 20*15": [0.0112766582911769, 1.161651256509505], "PF-OV 16*12": [0.00913068179544736, 3.01032999672002], "PF-OV 14*12": [0.03144654088050313, -10.525157232704395], "PF-OV 14*10": [0.0077445866679141375, 4.759117507480469], "PF-OV 12*10": [0.01037448718767052, 2.054882888788356], "PF-OV 11*9": [0.011016262280830205, 1.5425436565557504], "PF-OV 10*8": [0.011897664851314296, 0.8642289887564404], "PF-OV 8*6": [0.00400962309542903, 4.821170809943865], "PF-OV 6*4": [0.011560372931826428, 0.032288853812629255], "PF-OT M*": [0.012427830842404907, 0.8662795626588081], "PF-OT FREE": [0.016501650165016504, -0.45709570957095735], "PF-OT 80+": [null, null], "PF-OT 18*13": [0.009174311926605505, 2.6229357798165136], "PF-OT 16*12": [0.011910154361426253, 1.0525049834068338], "PF-OT 14*10": [0.010482944773936603, 2.3187240091560315], "PF-OT 12*10": [0.005790237235738082, 4.95974810787929], "PF-OT 10*8": [-0.0, 8.0], "PF-OT 8*6": [0.010720028586742899, 1.4641772378059663], "PF-MX-BR M*": [0.01560874089490114, -0.42351716961498287], "PF-MX M*": [0.008284131785305302, 4.758326028029993], "PF-MX FREE": [0.011586739860813008, 1.2070001683382179], "PF-MX 18*13": [null, null], "PF-MX 5~9": [0.012246844700070036, 0.11162504672427745], "PF-MX 1~2": [null, null], "PF-MQ 18*9": [0.016008537886872995, -0.9023479188900723], "PF-MQ 10*5": [null, null], "PF-BG 15*7": [0.01560868076983877, -0.18917854778643106], "PF-BG 12*6": [0.011291260734915013, 1.3990849857352328], "PF-BG 10*5": [0.018604651162790697, -3.2520930232558136], "PF 6~4": [0.0, 11.0], "OV FREE": [0.009633717709453718, 2.7365314790150332], "OV 14*10": [0.010538715172416212, 1.701051297514143], "OV 12*10": [0.011217907451905183, 0.4869658205592204], "OV 11*9": [0.006257822277847302, 5.253441802252824], "OV 10*8": [0.009474482776067916, 1.1782038202037204], "OV 9*7": [0.00934731487994954, 2.1908331141474293], "OV 8*6": [0.010282583711449137, 1.1853180730536756], "OV 7~5": [0.01074337894664603, 0.23781193660794392], "OV 7*5": [0.008521407763448789, 2.4744091173279705], "OV 6~4": [1.3333333334099575, -1321.4666667433264], "OV 6*4": [-2.344712559620201e-08, 11.000023439484917], "OV 5*3": [0.01251294973524601, -1.493652167622348], "OV 4*3": [0.010431879824744417, 1.4996870436052596], "OT FREE": [0.01161749852615657, 0.9060634074220896], "OT >6*4": [null, null], "OT 80+": [0.0, 8.0], "OT 24*17": [0.011695906432748536, 0.6654970760233923], "OT 18*13": [-0.07874015748031539, 55.307086614173485], "OT 16*12": [0.00913368007104346, 2.5848820882096954], "OT 14*10": [0.011028057733547566, 0.5730934719136517], "OT 12~10": [0.008403361344537815, 2.957983193277311], "OT 12*10": [0.010491706910817923, 1.1008985654158432], "OT 11*9": [0.010480182431637172, 1.4439980704382214], "OT 10*8": [0.010712450624488952, 1.0326366467753614], "OT 9*7": [0.010340323606968665, 1.3542034677520354], "OT 8*6": [0.009425252790283003, 1.8342976988156732], "MX M*": [0.009709311574382725, 1.8495986104004534], "MX FREE": [0.009560089193172668, 2.182674732329429], "MX 25-50": [-0.0, 9.0], "MX 10*8": [0.004613371576262893, 5.384714127694386], "MQ 6*3": [0.007137758743754463, 3.859386152748036], "MQ 5*2.5": [0.011239470012779262, 0.583344110521566], "CU 10*8": [0.007361703769770602, 3.600344821626716], "CU 9*7": [0.009542418709620583, 1.799163670031847], "CU 8*6": [0.00860582440923931, 2.490263284509226], "CU 7*5": [0.003960372933698215, 7.3371326153162295]}