{"TR M*": [0.006556384992812943, 2.087754627235228], "TR FREE": [0.008722614016608104, 1.296927801429796], "SQ M*": [0.007290786552946942, 2.179804308647196], "SQ 80CTSUP": [0.007025185500438276, 5.146729622844096], "RGRE 1~2": [-0.0, 8.0], "RG-99 M*": [0.006780301384190197, 6.054138960449061], "RG M*": [0.0076576352746426605, 3.2292611344061553], "RG 300+": [0.003695147831297654, 8.541248986285982], "RG 200~300": [0.00894380173384534, 3.940936540498311], "RG 190~210": [null, null], "RG 170~190": [0.006877579092159555, 4.547455295735906], "RG 150~200": [0.006689431445813116, 4.928656452429837], "RG 110~150": [null, null], "RG 100~150": [0.011492847085883991, 0.2262418307629435], "RG 100+": [0.013774682001449216, 0.1455086695526626], "RG 70~80": [0.014016674487796721, -1.2698977570142918], "RG 50~100": [0.008950336024704488, 3.0864096016285933], "RG 50~60": [null, null], "RG 50+": [0.011400071250445315, 0.21795511221945318], "RG 40~50": [0.009398239867427426, 2.373777891758199], "RG 40~45": [0.008203445447087777, 1.9827727645611157], "RG 35~40": [-0.0, 4.0], "RG 30~40": [-0.004342886300255455, 17.38189429225646], "RG 30~35": [0.016357519380184336, 0.3633736949873469], "RG 25~50": [0.0036427144553883213, 8.233379701500747], "RG 25~35": [0.003963810943549411, 8.135844161023401], "RG 25~30": [0.010865699036812877, 0.803429539773178], "RG 25+": [0.014803849000740202, -4.779422649888982], "RG 20~70": [0.005995203836930453, 4.841127098321347], "RG 20~25": [0.004858808353641385, 6.870918971209031], "RG 20~15": [3.7871951030769433e-10, 12.999999538095745], "RG 20+": [0.011184476969347013, 0.467497513104859], "RG 18~20": [0.0093396298222358, 1.3124509282408132], "RG 16~18": [0.004045747017361993, 7.03819569709867], "RG 15~50": [0.007215007215007214, 5.866522366522368], "RG 15~30": [0.007427226714503801, 2.1871548277871327], "RG 15~25": [0.009042947737957257, 1.7112621392752985], "RG 15~20": [0.009090440340087533, 2.1754308677083554], "RG 15+": [0.00016027341395528428, 13.814469099636415], "RG 14~16": [0.0025461740626310883, 8.125658697142775], "RG 12~15": [0.009425375973880016, 1.1066561938213293], "RG 12~14": [0.003889714783703454, 6.9794443414716225], "RG 10~50": [0.0076074553062000765, 3.07683529859262], "RG 10~12": [0.00400449793134376, 7.778466796126078], "RG 9~15": [0.006098940504102574, 5.244079933615029], "RG 9~12": [0.00981225270394151, 0.7671920197341392], "RG 9~10": [0.004194054210751754, 8.392403342690557], "RG 9*15": [0.009535160905840284, 1.3013110846245546], "RG 8~9": [0.004057904097673835, 6.648775743673397], "RG 7~10": [0.0161550888529887, -9.48788368336027], "RG 7~9": [0.0077525961218315245, 2.7217552719399474], "RG 7~8": [0.006319178988630965, 4.913281318528994], "RG 6~10": [0.006817562039814562, 3.9940005454049636], "RG 6~9": [0.01140945756264355, -1.1348439803921004], "RG 6~7": [0.0065748426131933295, 4.786150080121777], "RG 5~9": [0.003231632026781703, 8.55335949441682], "RG 5~7": [0.006900293678910207, 3.4424391905835767], "RG 5~6": [0.006483081000266074, 5.017172379946084], "RG 5-9": [0.012394918283676578, -2.6813509316632564], "RG 4~7": [0.007019185774450166, 3.085166120729993], "RG 4~5": [0.005220705856391934, 5.725679245108259], "RG 3~6": [0.009789905957478234, 0.8666393325639227], "RG 3~5": [0.0007756034533917822, 11.640792559399262], "RG 3~4": [0.008671961631856722, 1.7373417230426351], "RG 3~3": [0.0, 14.0], "RG 2~4": [0.00898439641741376, 0.9000410274241211], "RG 2~3": [0.003673078654199524, 7.257268641533745], "RG 2~2": [0.01208746709063315, -1.3392036084517172], "RG 2*3": [0.011783182597850292, -2.1696315957455914], "RG 1~5": [0.01295336787564766, -3.392487046632116], "RG 1~4": [0.0, 14.0], "RG 1~3": [0.007656554089146883, 2.5688631602740557], "RG 1~2": [0.008109727813044403, 2.247542065121439], "RD M*": [0.0067552993124534045, 2.2643685571770247], "PS M*": [0.007643104537912832, 1.854316441041304], "PS FREE": [0.0052645456133843084, 5.374798558806865], "PS 25*18": [0.02144388849177983, -7.5239456754824765], "PS 22*16": [0.010063591357857383, 0.5193681370886646], "PS 20*15": [0.008635578583765112, 0.47236614853195125], "PS 18*13": [0.007990724555274758, 1.2251257513844505], "PS 16*12": [0.01775558827220478, -3.40235164278778], "PS 15*10": [0.02162422843338432, -7.023432704015496], "PS 14~10": [-0.03717472118959111, 24.327137546468418], "PS 14*10": [0.0072689302874986, 2.0346707525288164], "PS 13*9": [0.007242316796359617, 1.5681052343548212], "PS 12*8": [0.004205571812805159, 4.687195919340305], "PS 10*8": [0.00949667616334283, 0.45584045584045607], "PS 10*7": [0.007369694174846875, 1.4263790574811546], "PS 9~7": [0.008652737351948927, 0.5563599866056286], "PS 9*7": [0.008136182326645515, 1.4210097216065423], "PS 9*6": [0.007581510364644096, 1.4070532081490932], "PS 8~6": [0.007569318350628459, 1.2398417820664562], "PS 8*6": [0.007381048741220948, 1.6677124230861395], "PS 8*5": [0.009050566283212677, 1.0645850730955255], "PS 7~5": [0.007840408622658121, 1.2008956473293229], "PS 7*5": [0.004526305118406838, 3.7328797291363576], "PS 6~4": [0.008165085600483402, 0.8367095883160343], "PS 6*4": [0.005826747674769352, 2.7779332977980227], "PS 5~3": [0.00815170841962064, 0.6578420740460869], "PS 5*3": [0.004001330845202693, 4.975434250280471], "PS 4*3": [0.00745988220631322, 1.2043761621101876], "PF-TR M*": [-0.013544018058690745, 36.85823927765237], "PF-TR FREE": [0.005360065146991191, 3.464090461940501], "PF-TR >12": [0.005080440304826418, 3.3947502116850137], "PF-SQ M*": [0.008465670725446201, 2.8184217832268077], "PF-SQ >14": [0.005001006041627476, 5.039842406033818], "PF-SQ >12": [0.005812263876780008, 2.6030223772159244], "PF-SQ 18~22": [-0.04889975550122252, 48.694376528117374], "PF-RD M*": [0.003558001742282339, 6.907274687793783], "PF-RD FREE": [0.007167910493013731, 3.2419410184933604], "PF-PS M*": [0.00872295440714937, 2.693506450901911], "PF-PS FREE": [0.0025337182406590334, 7.760040509161838], "PF-PS >16*12": [0.008167041314980151, 1.475504880490719], "PF-PS 80CTSUP": [0.008631851532153647, 1.8075097108329743], "PF-PS 25*18": [0.004950282273624726, 4.606056825441215], "PF-PS 22*16": [0.002603636534643943, 6.646345707324827], "PF-PS 20*15": [0.00998980834631055, 0.5774595718974954], "PF-PS 18*13": [0.006430146964512872, 3.387324096270721], "PF-PS 16*12": [0.006045739907684816, 4.631719024019748], "PF-PS 15*10": [0.007464880002753653, 2.4589478853232816], "PF-PS 14*10": [0.007064881992746994, 2.6046213688010336], "PF-PS 14*9": [0.01675176568594683, -3.350613146813326], "PF-PS 13*9": [0.007089684509039347, 2.4969868840836584], "PF-PS 12*8": [0.007467900073664305, 2.7040944962010913], "PF-PS 10*8": [0.012422360248447202, -2.8869565217391298], "PF-PS 10*7": [0.006988615226661116, 2.083568788625987], "PF-PS 9*6": [0.008392211706090275, 1.062320674087522], "PF-PS 8*6": [0.00907291988514995, 1.0082102466910559], "PF-PS 8*5": [0.00412350698332298, 4.658709902277374], "PF-PS 7*5": [0.00928212717787746, 0.7406390241684412], "PF-PS 6*4": [0.007641458120857346, 1.242504979738318], "PF-OV-BR M*": [0.02, -4.667999999999999], "PF-OV M*": [0.00827755330479188, 1.6559175961414212], "PF-OV FREE": [0.007471813678972919, 3.2493723371702523], "PF-OV >16*12": [0.009601707116309794, 0.23548045134328385], "PF-OV >12*10": [0.0065478777291480056, 3.1574228673926426], "PF-OV >6*4": [0.007146712104002703, 2.803147070316962], "PF-OV 25*18": [0.003353164238552709, 4.597509984586851], "PF-OV 22*16": [-0.0021056139781398717, 10.679896551861424], "PF-OV 20*15": [0.00011172756250510338, 8.377650842314763], "PF-OV 18*13": [0.0007780490989980684, 8.570843377890192], "PF-OV 16*12": [0.006157613245690763, 3.6479626096593503], "PF-OV 14*12": [0.007782949654941442, 2.1773022586653985], "PF-OV 14*10": [0.005248863236678007, 4.796395165182044], "PF-OV 12*10": [0.006387920704307046, 3.3723704196560886], "PF-OV 11*9": [0.006399270876917679, 5.126336105461542], "PF-OV 10*8": [0.010569826556344124, 0.4459006795562313],